index,sample_id,city,sample,antenna_height_m,hdf5_path,bundle_group,matrix_npz,topology_png,topology_png_max_m,topology_preview_png,los_mask_png,nlos_mask_png,datasets
1,Abidjan_sample_00001,Abidjan,sample_00001,56.646873474121094,C:\TFG\CKMGenerator\inputs\samples\Abidjan_sample_00001.h5,,C:\TFG\CKMGenerator\inputs\matrices\Abidjan_sample_00001.npz,C:\TFG\CKMGenerator\inputs\topology_png\Abidjan_sample_00001_topology.png,41.88542175292969,C:\TFG\CKMGenerator\inputs\topology_preview_png\Abidjan_sample_00001_topology_preview.png,C:\TFG\CKMGenerator\inputs\masks_png\Abidjan_sample_00001_los_mask.png,C:\TFG\CKMGenerator\inputs\masks_png\Abidjan_sample_00001_nlos_mask.png,"topology_map,uav_height,los_mask,nlos_mask,path_loss,delay_spread,angular_spread"
2,Abu_Dhabi_sample_00176,Abu Dhabi,sample_00176,100.18733978271484,C:\TFG\CKMGenerator\inputs\samples\Abu_Dhabi_sample_00176.h5,,C:\TFG\CKMGenerator\inputs\matrices\Abu_Dhabi_sample_00176.npz,C:\TFG\CKMGenerator\inputs\topology_png\Abu_Dhabi_sample_00176_topology.png,35.57048034667969,C:\TFG\CKMGenerator\inputs\topology_preview_png\Abu_Dhabi_sample_00176_topology_preview.png,C:\TFG\CKMGenerator\inputs\masks_png\Abu_Dhabi_sample_00176_los_mask.png,C:\TFG\CKMGenerator\inputs\masks_png\Abu_Dhabi_sample_00176_nlos_mask.png,"topology_map,uav_height,los_mask,nlos_mask,path_loss,delay_spread,angular_spread"
3,Alexandria_sample_01281,Alexandria,sample_01281,47.845943450927734,C:\TFG\CKMGenerator\inputs\samples\Alexandria_sample_01281.h5,,C:\TFG\CKMGenerator\inputs\matrices\Alexandria_sample_01281.npz,C:\TFG\CKMGenerator\inputs\topology_png\Alexandria_sample_01281_topology.png,15.427445411682129,C:\TFG\CKMGenerator\inputs\topology_preview_png\Alexandria_sample_01281_topology_preview.png,C:\TFG\CKMGenerator\inputs\masks_png\Alexandria_sample_01281_los_mask.png,C:\TFG\CKMGenerator\inputs\masks_png\Alexandria_sample_01281_nlos_mask.png,"topology_map,uav_height,los_mask,nlos_mask,path_loss,delay_spread,angular_spread"
4,Antigua_Guatemala_sample_01526,Antigua Guatemala,sample_01526,78.39530181884766,C:\TFG\CKMGenerator\inputs\samples\Antigua_Guatemala_sample_01526.h5,,C:\TFG\CKMGenerator\inputs\matrices\Antigua_Guatemala_sample_01526.npz,C:\TFG\CKMGenerator\inputs\topology_png\Antigua_Guatemala_sample_01526_topology.png,8.475419998168945,C:\TFG\CKMGenerator\inputs\topology_preview_png\Antigua_Guatemala_sample_01526_topology_preview.png,C:\TFG\CKMGenerator\inputs\masks_png\Antigua_Guatemala_sample_01526_los_mask.png,C:\TFG\CKMGenerator\inputs\masks_png\Antigua_Guatemala_sample_01526_nlos_mask.png,"topology_map,uav_height,los_mask,nlos_mask,path_loss,delay_spread,angular_spread"
5,Athens_sample_01726,Athens,sample_01726,42.483150482177734,C:\TFG\CKMGenerator\inputs\samples\Athens_sample_01726.h5,,C:\TFG\CKMGenerator\inputs\matrices\Athens_sample_01726.npz,C:\TFG\CKMGenerator\inputs\topology_png\Athens_sample_01726_topology.png,30.51954460144043,C:\TFG\CKMGenerator\inputs\topology_preview_png\Athens_sample_01726_topology_preview.png,C:\TFG\CKMGenerator\inputs\masks_png\Athens_sample_01726_los_mask.png,C:\TFG\CKMGenerator\inputs\masks_png\Athens_sample_01726_nlos_mask.png,"topology_map,uav_height,los_mask,nlos_mask,path_loss,delay_spread,angular_spread"
6,Bangalore_sample_02101,Bangalore,sample_02101,118.7013931274414,C:\TFG\CKMGenerator\inputs\samples\Bangalore_sample_02101.h5,,C:\TFG\CKMGenerator\inputs\matrices\Bangalore_sample_02101.npz,C:\TFG\CKMGenerator\inputs\topology_png\Bangalore_sample_02101_topology.png,77.70076751708984,C:\TFG\CKMGenerator\inputs\topology_preview_png\Bangalore_sample_02101_topology_preview.png,C:\TFG\CKMGenerator\inputs\masks_png\Bangalore_sample_02101_los_mask.png,C:\TFG\CKMGenerator\inputs\masks_png\Bangalore_sample_02101_nlos_mask.png,"topology_map,uav_height,los_mask,nlos_mask,path_loss,delay_spread,angular_spread"
7,Bangkok_sample_02501,Bangkok,sample_02501,276.772216796875,C:\TFG\CKMGenerator\inputs\samples\Bangkok_sample_02501.h5,,C:\TFG\CKMGenerator\inputs\matrices\Bangkok_sample_02501.npz,C:\TFG\CKMGenerator\inputs\topology_png\Bangkok_sample_02501_topology.png,81.43717956542969,C:\TFG\CKMGenerator\inputs\topology_preview_png\Bangkok_sample_02501_topology_preview.png,C:\TFG\CKMGenerator\inputs\masks_png\Bangkok_sample_02501_los_mask.png,C:\TFG\CKMGenerator\inputs\masks_png\Bangkok_sample_02501_nlos_mask.png,"topology_map,uav_height,los_mask,nlos_mask,path_loss,delay_spread,angular_spread"
8,Barcelona_sample_02801,Barcelona,sample_02801,57.728363037109375,C:\TFG\CKMGenerator\inputs\samples\Barcelona_sample_02801.h5,,C:\TFG\CKMGenerator\inputs\matrices\Barcelona_sample_02801.npz,C:\TFG\CKMGenerator\inputs\topology_png\Barcelona_sample_02801_topology.png,44.96245574951172,C:\TFG\CKMGenerator\inputs\topology_preview_png\Barcelona_sample_02801_topology_preview.png,C:\TFG\CKMGenerator\inputs\masks_png\Barcelona_sample_02801_los_mask.png,C:\TFG\CKMGenerator\inputs\masks_png\Barcelona_sample_02801_nlos_mask.png,"topology_map,uav_height,los_mask,nlos_mask,path_loss,delay_spread,angular_spread"
9,Bath_sample_02851,Bath,sample_02851,50.687191009521484,C:\TFG\CKMGenerator\inputs\samples\Bath_sample_02851.h5,,C:\TFG\CKMGenerator\inputs\matrices\Bath_sample_02851.npz,C:\TFG\CKMGenerator\inputs\topology_png\Bath_sample_02851_topology.png,23.0,C:\TFG\CKMGenerator\inputs\topology_preview_png\Bath_sample_02851_topology_preview.png,C:\TFG\CKMGenerator\inputs\masks_png\Bath_sample_02851_los_mask.png,C:\TFG\CKMGenerator\inputs\masks_png\Bath_sample_02851_nlos_mask.png,"topology_map,uav_height,los_mask,nlos_mask,path_loss,delay_spread,angular_spread"
10,Beijing_sample_02886,Beijing,sample_02886,60.89698028564453,C:\TFG\CKMGenerator\inputs\samples\Beijing_sample_02886.h5,,C:\TFG\CKMGenerator\inputs\matrices\Beijing_sample_02886.npz,C:\TFG\CKMGenerator\inputs\topology_png\Beijing_sample_02886_topology.png,27.054174423217773,C:\TFG\CKMGenerator\inputs\topology_preview_png\Beijing_sample_02886_topology_preview.png,C:\TFG\CKMGenerator\inputs\masks_png\Beijing_sample_02886_los_mask.png,C:\TFG\CKMGenerator\inputs\masks_png\Beijing_sample_02886_nlos_mask.png,"topology_map,uav_height,los_mask,nlos_mask,path_loss,delay_spread,angular_spread"
11,Berlin_sample_03086,Berlin,sample_03086,47.74699783325195,C:\TFG\CKMGenerator\inputs\samples\Berlin_sample_03086.h5,,C:\TFG\CKMGenerator\inputs\matrices\Berlin_sample_03086.npz,C:\TFG\CKMGenerator\inputs\topology_png\Berlin_sample_03086_topology.png,31.10255241394043,C:\TFG\CKMGenerator\inputs\topology_preview_png\Berlin_sample_03086_topology_preview.png,C:\TFG\CKMGenerator\inputs\masks_png\Berlin_sample_03086_los_mask.png,C:\TFG\CKMGenerator\inputs\masks_png\Berlin_sample_03086_nlos_mask.png,"topology_map,uav_height,los_mask,nlos_mask,path_loss,delay_spread,angular_spread"
12,Bilbao_sample_03356,Bilbao,sample_03356,49.244293212890625,C:\TFG\CKMGenerator\inputs\samples\Bilbao_sample_03356.h5,,C:\TFG\CKMGenerator\inputs\matrices\Bilbao_sample_03356.npz,C:\TFG\CKMGenerator\inputs\topology_png\Bilbao_sample_03356_topology.png,75.95514678955078,C:\TFG\CKMGenerator\inputs\topology_preview_png\Bilbao_sample_03356_topology_preview.png,C:\TFG\CKMGenerator\inputs\masks_png\Bilbao_sample_03356_los_mask.png,C:\TFG\CKMGenerator\inputs\masks_png\Bilbao_sample_03356_nlos_mask.png,"topology_map,uav_height,los_mask,nlos_mask,path_loss,delay_spread,angular_spread"
13,Bratislava_sample_03406,Bratislava,sample_03406,71.32036590576172,C:\TFG\CKMGenerator\inputs\samples\Bratislava_sample_03406.h5,,C:\TFG\CKMGenerator\inputs\matrices\Bratislava_sample_03406.npz,C:\TFG\CKMGenerator\inputs\topology_png\Bratislava_sample_03406_topology.png,84.98521423339844,C:\TFG\CKMGenerator\inputs\topology_preview_png\Bratislava_sample_03406_topology_preview.png,C:\TFG\CKMGenerator\inputs\masks_png\Bratislava_sample_03406_los_mask.png,C:\TFG\CKMGenerator\inputs\masks_png\Bratislava_sample_03406_nlos_mask.png,"topology_map,uav_height,los_mask,nlos_mask,path_loss,delay_spread,angular_spread"
14,Brugge_sample_03431,Brugge,sample_03431,58.133827209472656,C:\TFG\CKMGenerator\inputs\samples\Brugge_sample_03431.h5,,C:\TFG\CKMGenerator\inputs\matrices\Brugge_sample_03431.npz,C:\TFG\CKMGenerator\inputs\topology_png\Brugge_sample_03431_topology.png,49.87484359741211,C:\TFG\CKMGenerator\inputs\topology_preview_png\Brugge_sample_03431_topology_preview.png,C:\TFG\CKMGenerator\inputs\masks_png\Brugge_sample_03431_los_mask.png,C:\TFG\CKMGenerator\inputs\masks_png\Brugge_sample_03431_nlos_mask.png,"topology_map,uav_height,los_mask,nlos_mask,path_loss,delay_spread,angular_spread"
15,Buenos_Aires_sample_03491,Buenos Aires,sample_03491,74.3215560913086,C:\TFG\CKMGenerator\inputs\samples\Buenos_Aires_sample_03491.h5,,C:\TFG\CKMGenerator\inputs\matrices\Buenos_Aires_sample_03491.npz,C:\TFG\CKMGenerator\inputs\topology_png\Buenos_Aires_sample_03491_topology.png,74.84796142578125,C:\TFG\CKMGenerator\inputs\topology_preview_png\Buenos_Aires_sample_03491_topology_preview.png,C:\TFG\CKMGenerator\inputs\masks_png\Buenos_Aires_sample_03491_los_mask.png,C:\TFG\CKMGenerator\inputs\masks_png\Buenos_Aires_sample_03491_nlos_mask.png,"topology_map,uav_height,los_mask,nlos_mask,path_loss,delay_spread,angular_spread"
16,Canberra_sample_03971,Canberra,sample_03971,35.31622314453125,C:\TFG\CKMGenerator\inputs\samples\Canberra_sample_03971.h5,,C:\TFG\CKMGenerator\inputs\matrices\Canberra_sample_03971.npz,C:\TFG\CKMGenerator\inputs\topology_png\Canberra_sample_03971_topology.png,63.12133026123047,C:\TFG\CKMGenerator\inputs\topology_preview_png\Canberra_sample_03971_topology_preview.png,C:\TFG\CKMGenerator\inputs\masks_png\Canberra_sample_03971_los_mask.png,C:\TFG\CKMGenerator\inputs\masks_png\Canberra_sample_03971_nlos_mask.png,"topology_map,uav_height,los_mask,nlos_mask,path_loss,delay_spread,angular_spread"
17,Carcassonne_sample_04301,Carcassonne,sample_04301,52.66648483276367,C:\TFG\CKMGenerator\inputs\samples\Carcassonne_sample_04301.h5,,C:\TFG\CKMGenerator\inputs\matrices\Carcassonne_sample_04301.npz,C:\TFG\CKMGenerator\inputs\topology_png\Carcassonne_sample_04301_topology.png,11.544807434082031,C:\TFG\CKMGenerator\inputs\topology_preview_png\Carcassonne_sample_04301_topology_preview.png,C:\TFG\CKMGenerator\inputs\masks_png\Carcassonne_sample_04301_los_mask.png,C:\TFG\CKMGenerator\inputs\masks_png\Carcassonne_sample_04301_nlos_mask.png,"topology_map,uav_height,los_mask,nlos_mask,path_loss,delay_spread,angular_spread"
18,Chefchaouen_sample_04411,Chefchaouen,sample_04411,55.640071868896484,C:\TFG\CKMGenerator\inputs\samples\Chefchaouen_sample_04411.h5,,C:\TFG\CKMGenerator\inputs\matrices\Chefchaouen_sample_04411.npz,C:\TFG\CKMGenerator\inputs\topology_png\Chefchaouen_sample_04411_topology.png,23.533348083496094,C:\TFG\CKMGenerator\inputs\topology_preview_png\Chefchaouen_sample_04411_topology_preview.png,C:\TFG\CKMGenerator\inputs\masks_png\Chefchaouen_sample_04411_los_mask.png,C:\TFG\CKMGenerator\inputs\masks_png\Chefchaouen_sample_04411_nlos_mask.png,"topology_map,uav_height,los_mask,nlos_mask,path_loss,delay_spread,angular_spread"
19,Chiang_Mai_sample_04436,Chiang Mai,sample_04436,60.05031204223633,C:\TFG\CKMGenerator\inputs\samples\Chiang_Mai_sample_04436.h5,,C:\TFG\CKMGenerator\inputs\matrices\Chiang_Mai_sample_04436.npz,C:\TFG\CKMGenerator\inputs\topology_png\Chiang_Mai_sample_04436_topology.png,32.80364990234375,C:\TFG\CKMGenerator\inputs\topology_preview_png\Chiang_Mai_sample_04436_topology_preview.png,C:\TFG\CKMGenerator\inputs\masks_png\Chiang_Mai_sample_04436_los_mask.png,C:\TFG\CKMGenerator\inputs\masks_png\Chiang_Mai_sample_04436_nlos_mask.png,"topology_map,uav_height,los_mask,nlos_mask,path_loss,delay_spread,angular_spread"
20,Cleveland_sample_04531,Cleveland,sample_04531,54.657657623291016,C:\TFG\CKMGenerator\inputs\samples\Cleveland_sample_04531.h5,,C:\TFG\CKMGenerator\inputs\matrices\Cleveland_sample_04531.npz,C:\TFG\CKMGenerator\inputs\topology_png\Cleveland_sample_04531_topology.png,14.075414657592773,C:\TFG\CKMGenerator\inputs\topology_preview_png\Cleveland_sample_04531_topology_preview.png,C:\TFG\CKMGenerator\inputs\masks_png\Cleveland_sample_04531_los_mask.png,C:\TFG\CKMGenerator\inputs\masks_png\Cleveland_sample_04531_nlos_mask.png,"topology_map,uav_height,los_mask,nlos_mask,path_loss,delay_spread,angular_spread"
21,Copenhagen_sample_04681,Copenhagen,sample_04681,43.09580993652344,C:\TFG\CKMGenerator\inputs\samples\Copenhagen_sample_04681.h5,,C:\TFG\CKMGenerator\inputs\matrices\Copenhagen_sample_04681.npz,C:\TFG\CKMGenerator\inputs\topology_png\Copenhagen_sample_04681_topology.png,24.38590431213379,C:\TFG\CKMGenerator\inputs\topology_preview_png\Copenhagen_sample_04681_topology_preview.png,C:\TFG\CKMGenerator\inputs\masks_png\Copenhagen_sample_04681_los_mask.png,C:\TFG\CKMGenerator\inputs\masks_png\Copenhagen_sample_04681_nlos_mask.png,"topology_map,uav_height,los_mask,nlos_mask,path_loss,delay_spread,angular_spread"
22,Dalian_sample_04901,Dalian,sample_04901,381.5350036621094,C:\TFG\CKMGenerator\inputs\samples\Dalian_sample_04901.h5,,C:\TFG\CKMGenerator\inputs\matrices\Dalian_sample_04901.npz,C:\TFG\CKMGenerator\inputs\topology_png\Dalian_sample_04901_topology.png,116.99313354492188,C:\TFG\CKMGenerator\inputs\topology_preview_png\Dalian_sample_04901_topology_preview.png,C:\TFG\CKMGenerator\inputs\masks_png\Dalian_sample_04901_los_mask.png,C:\TFG\CKMGenerator\inputs\masks_png\Dalian_sample_04901_nlos_mask.png,"topology_map,uav_height,los_mask,nlos_mask,path_loss,delay_spread,angular_spread"
23,Dhaka_sample_05006,Dhaka,sample_05006,78.5368881225586,C:\TFG\CKMGenerator\inputs\samples\Dhaka_sample_05006.h5,,C:\TFG\CKMGenerator\inputs\matrices\Dhaka_sample_05006.npz,C:\TFG\CKMGenerator\inputs\topology_png\Dhaka_sample_05006_topology.png,49.908199310302734,C:\TFG\CKMGenerator\inputs\topology_preview_png\Dhaka_sample_05006_topology_preview.png,C:\TFG\CKMGenerator\inputs\masks_png\Dhaka_sample_05006_los_mask.png,C:\TFG\CKMGenerator\inputs\masks_png\Dhaka_sample_05006_nlos_mask.png,"topology_map,uav_height,los_mask,nlos_mask,path_loss,delay_spread,angular_spread"
24,Dubrovnik_sample_05231,Dubrovnik,sample_05231,208.4556884765625,C:\TFG\CKMGenerator\inputs\samples\Dubrovnik_sample_05231.h5,,C:\TFG\CKMGenerator\inputs\matrices\Dubrovnik_sample_05231.npz,C:\TFG\CKMGenerator\inputs\topology_png\Dubrovnik_sample_05231_topology.png,30.872365951538086,C:\TFG\CKMGenerator\inputs\topology_preview_png\Dubrovnik_sample_05231_topology_preview.png,C:\TFG\CKMGenerator\inputs\masks_png\Dubrovnik_sample_05231_los_mask.png,C:\TFG\CKMGenerator\inputs\masks_png\Dubrovnik_sample_05231_nlos_mask.png,"topology_map,uav_height,los_mask,nlos_mask,path_loss,delay_spread,angular_spread"
25,Fortaleza_sample_05321,Fortaleza,sample_05321,123.37378692626953,C:\TFG\CKMGenerator\inputs\samples\Fortaleza_sample_05321.h5,,C:\TFG\CKMGenerator\inputs\matrices\Fortaleza_sample_05321.npz,C:\TFG\CKMGenerator\inputs\topology_png\Fortaleza_sample_05321_topology.png,38.379154205322266,C:\TFG\CKMGenerator\inputs\topology_preview_png\Fortaleza_sample_05321_topology_preview.png,C:\TFG\CKMGenerator\inputs\masks_png\Fortaleza_sample_05321_los_mask.png,C:\TFG\CKMGenerator\inputs\masks_png\Fortaleza_sample_05321_nlos_mask.png,"topology_map,uav_height,los_mask,nlos_mask,path_loss,delay_spread,angular_spread"
26,Halifax_sample_05666,Halifax,sample_05666,44.74539566040039,C:\TFG\CKMGenerator\inputs\samples\Halifax_sample_05666.h5,,C:\TFG\CKMGenerator\inputs\matrices\Halifax_sample_05666.npz,C:\TFG\CKMGenerator\inputs\topology_png\Halifax_sample_05666_topology.png,9.41187858581543,C:\TFG\CKMGenerator\inputs\topology_preview_png\Halifax_sample_05666_topology_preview.png,C:\TFG\CKMGenerator\inputs\masks_png\Halifax_sample_05666_los_mask.png,C:\TFG\CKMGenerator\inputs\masks_png\Halifax_sample_05666_nlos_mask.png,"topology_map,uav_height,los_mask,nlos_mask,path_loss,delay_spread,angular_spread"
27,Hanoi_sample_05916,Hanoi,sample_05916,82.23159790039062,C:\TFG\CKMGenerator\inputs\samples\Hanoi_sample_05916.h5,,C:\TFG\CKMGenerator\inputs\matrices\Hanoi_sample_05916.npz,C:\TFG\CKMGenerator\inputs\topology_png\Hanoi_sample_05916_topology.png,23.962987899780273,C:\TFG\CKMGenerator\inputs\topology_preview_png\Hanoi_sample_05916_topology_preview.png,C:\TFG\CKMGenerator\inputs\masks_png\Hanoi_sample_05916_los_mask.png,C:\TFG\CKMGenerator\inputs\masks_png\Hanoi_sample_05916_nlos_mask.png,"topology_map,uav_height,los_mask,nlos_mask,path_loss,delay_spread,angular_spread"
28,Ho_Chi_Minh_City_sample_06351,Ho Chi Minh City,sample_06351,42.762638092041016,C:\TFG\CKMGenerator\inputs\samples\Ho_Chi_Minh_City_sample_06351.h5,,C:\TFG\CKMGenerator\inputs\matrices\Ho_Chi_Minh_City_sample_06351.npz,C:\TFG\CKMGenerator\inputs\topology_png\Ho_Chi_Minh_City_sample_06351_topology.png,65.7019271850586,C:\TFG\CKMGenerator\inputs\topology_preview_png\Ho_Chi_Minh_City_sample_06351_topology_preview.png,C:\TFG\CKMGenerator\inputs\masks_png\Ho_Chi_Minh_City_sample_06351_los_mask.png,C:\TFG\CKMGenerator\inputs\masks_png\Ho_Chi_Minh_City_sample_06351_nlos_mask.png,"topology_map,uav_height,los_mask,nlos_mask,path_loss,delay_spread,angular_spread"
29,Hyderabad_sample_06921,Hyderabad,sample_06921,120.72923278808594,C:\TFG\CKMGenerator\inputs\samples\Hyderabad_sample_06921.h5,,C:\TFG\CKMGenerator\inputs\matrices\Hyderabad_sample_06921.npz,C:\TFG\CKMGenerator\inputs\topology_png\Hyderabad_sample_06921_topology.png,56.444278717041016,C:\TFG\CKMGenerator\inputs\topology_preview_png\Hyderabad_sample_06921_topology_preview.png,C:\TFG\CKMGenerator\inputs\masks_png\Hyderabad_sample_06921_los_mask.png,C:\TFG\CKMGenerator\inputs\masks_png\Hyderabad_sample_06921_nlos_mask.png,"topology_map,uav_height,los_mask,nlos_mask,path_loss,delay_spread,angular_spread"
30,Jaipur_sample_07191,Jaipur,sample_07191,70.66178131103516,C:\TFG\CKMGenerator\inputs\samples\Jaipur_sample_07191.h5,,C:\TFG\CKMGenerator\inputs\matrices\Jaipur_sample_07191.npz,C:\TFG\CKMGenerator\inputs\topology_png\Jaipur_sample_07191_topology.png,29.102317810058594,C:\TFG\CKMGenerator\inputs\topology_preview_png\Jaipur_sample_07191_topology_preview.png,C:\TFG\CKMGenerator\inputs\masks_png\Jaipur_sample_07191_los_mask.png,C:\TFG\CKMGenerator\inputs\masks_png\Jaipur_sample_07191_nlos_mask.png,"topology_map,uav_height,los_mask,nlos_mask,path_loss,delay_spread,angular_spread"
31,Johannesburg_sample_07311,Johannesburg,sample_07311,74.15789794921875,C:\TFG\CKMGenerator\inputs\samples\Johannesburg_sample_07311.h5,,C:\TFG\CKMGenerator\inputs\matrices\Johannesburg_sample_07311.npz,C:\TFG\CKMGenerator\inputs\topology_png\Johannesburg_sample_07311_topology.png,25.593521118164062,C:\TFG\CKMGenerator\inputs\topology_preview_png\Johannesburg_sample_07311_topology_preview.png,C:\TFG\CKMGenerator\inputs\masks_png\Johannesburg_sample_07311_los_mask.png,C:\TFG\CKMGenerator\inputs\masks_png\Johannesburg_sample_07311_nlos_mask.png,"topology_map,uav_height,los_mask,nlos_mask,path_loss,delay_spread,angular_spread"
32,Key_West_sample_07556,Key West,sample_07556,43.95438003540039,C:\TFG\CKMGenerator\inputs\samples\Key_West_sample_07556.h5,,C:\TFG\CKMGenerator\inputs\matrices\Key_West_sample_07556.npz,C:\TFG\CKMGenerator\inputs\topology_png\Key_West_sample_07556_topology.png,39.41109085083008,C:\TFG\CKMGenerator\inputs\topology_preview_png\Key_West_sample_07556_topology_preview.png,C:\TFG\CKMGenerator\inputs\masks_png\Key_West_sample_07556_los_mask.png,C:\TFG\CKMGenerator\inputs\masks_png\Key_West_sample_07556_nlos_mask.png,"topology_map,uav_height,los_mask,nlos_mask,path_loss,delay_spread,angular_spread"
33,Kinshasa_sample_07661,Kinshasa,sample_07661,61.71760940551758,C:\TFG\CKMGenerator\inputs\samples\Kinshasa_sample_07661.h5,,C:\TFG\CKMGenerator\inputs\matrices\Kinshasa_sample_07661.npz,C:\TFG\CKMGenerator\inputs\topology_png\Kinshasa_sample_07661_topology.png,10.170196533203125,C:\TFG\CKMGenerator\inputs\topology_preview_png\Kinshasa_sample_07661_topology_preview.png,C:\TFG\CKMGenerator\inputs\masks_png\Kinshasa_sample_07661_los_mask.png,C:\TFG\CKMGenerator\inputs\masks_png\Kinshasa_sample_07661_nlos_mask.png,"topology_map,uav_height,los_mask,nlos_mask,path_loss,delay_spread,angular_spread"
34,Kuala_Lumpur_sample_08246,Kuala Lumpur,sample_08246,101.5154800415039,C:\TFG\CKMGenerator\inputs\samples\Kuala_Lumpur_sample_08246.h5,,C:\TFG\CKMGenerator\inputs\matrices\Kuala_Lumpur_sample_08246.npz,C:\TFG\CKMGenerator\inputs\topology_png\Kuala_Lumpur_sample_08246_topology.png,54.26731491088867,C:\TFG\CKMGenerator\inputs\topology_preview_png\Kuala_Lumpur_sample_08246_topology_preview.png,C:\TFG\CKMGenerator\inputs\masks_png\Kuala_Lumpur_sample_08246_los_mask.png,C:\TFG\CKMGenerator\inputs\masks_png\Kuala_Lumpur_sample_08246_nlos_mask.png,"topology_map,uav_height,los_mask,nlos_mask,path_loss,delay_spread,angular_spread"
35,Leuven_sample_08606,Leuven,sample_08606,74.80074310302734,C:\TFG\CKMGenerator\inputs\samples\Leuven_sample_08606.h5,,C:\TFG\CKMGenerator\inputs\matrices\Leuven_sample_08606.npz,C:\TFG\CKMGenerator\inputs\topology_png\Leuven_sample_08606_topology.png,21.932655334472656,C:\TFG\CKMGenerator\inputs\topology_preview_png\Leuven_sample_08606_topology_preview.png,C:\TFG\CKMGenerator\inputs\masks_png\Leuven_sample_08606_los_mask.png,C:\TFG\CKMGenerator\inputs\masks_png\Leuven_sample_08606_nlos_mask.png,"topology_map,uav_height,los_mask,nlos_mask,path_loss,delay_spread,angular_spread"
36,Ljubljana_sample_08666,Ljubljana,sample_08666,78.56396484375,C:\TFG\CKMGenerator\inputs\samples\Ljubljana_sample_08666.h5,,C:\TFG\CKMGenerator\inputs\matrices\Ljubljana_sample_08666.npz,C:\TFG\CKMGenerator\inputs\topology_png\Ljubljana_sample_08666_topology.png,34.17027282714844,C:\TFG\CKMGenerator\inputs\topology_preview_png\Ljubljana_sample_08666_topology_preview.png,C:\TFG\CKMGenerator\inputs\masks_png\Ljubljana_sample_08666_los_mask.png,C:\TFG\CKMGenerator\inputs\masks_png\Ljubljana_sample_08666_nlos_mask.png,"topology_map,uav_height,los_mask,nlos_mask,path_loss,delay_spread,angular_spread"
37,Luanda_sample_08756,Luanda,sample_08756,30.264280319213867,C:\TFG\CKMGenerator\inputs\samples\Luanda_sample_08756.h5,,C:\TFG\CKMGenerator\inputs\matrices\Luanda_sample_08756.npz,C:\TFG\CKMGenerator\inputs\topology_png\Luanda_sample_08756_topology.png,19.63127899169922,C:\TFG\CKMGenerator\inputs\topology_preview_png\Luanda_sample_08756_topology_preview.png,C:\TFG\CKMGenerator\inputs\masks_png\Luanda_sample_08756_los_mask.png,C:\TFG\CKMGenerator\inputs\masks_png\Luanda_sample_08756_nlos_mask.png,"topology_map,uav_height,los_mask,nlos_mask,path_loss,delay_spread,angular_spread"
38,Lyon_sample_08981,Lyon,sample_08981,34.68383026123047,C:\TFG\CKMGenerator\inputs\samples\Lyon_sample_08981.h5,,C:\TFG\CKMGenerator\inputs\matrices\Lyon_sample_08981.npz,C:\TFG\CKMGenerator\inputs\topology_png\Lyon_sample_08981_topology.png,34.441246032714844,C:\TFG\CKMGenerator\inputs\topology_preview_png\Lyon_sample_08981_topology_preview.png,C:\TFG\CKMGenerator\inputs\masks_png\Lyon_sample_08981_los_mask.png,C:\TFG\CKMGenerator\inputs\masks_png\Lyon_sample_08981_nlos_mask.png,"topology_map,uav_height,los_mask,nlos_mask,path_loss,delay_spread,angular_spread"
39,Manaus_sample_09276,Manaus,sample_09276,112.29642486572266,C:\TFG\CKMGenerator\inputs\samples\Manaus_sample_09276.h5,,C:\TFG\CKMGenerator\inputs\matrices\Manaus_sample_09276.npz,C:\TFG\CKMGenerator\inputs\topology_png\Manaus_sample_09276_topology.png,33.61223602294922,C:\TFG\CKMGenerator\inputs\topology_preview_png\Manaus_sample_09276_topology_preview.png,C:\TFG\CKMGenerator\inputs\masks_png\Manaus_sample_09276_los_mask.png,C:\TFG\CKMGenerator\inputs\masks_png\Manaus_sample_09276_nlos_mask.png,"topology_map,uav_height,los_mask,nlos_mask,path_loss,delay_spread,angular_spread"
40,Marrakesh_sample_09326,Marrakesh,sample_09326,73.1189193725586,C:\TFG\CKMGenerator\inputs\samples\Marrakesh_sample_09326.h5,,C:\TFG\CKMGenerator\inputs\matrices\Marrakesh_sample_09326.npz,C:\TFG\CKMGenerator\inputs\topology_png\Marrakesh_sample_09326_topology.png,35.69684600830078,C:\TFG\CKMGenerator\inputs\topology_preview_png\Marrakesh_sample_09326_topology_preview.png,C:\TFG\CKMGenerator\inputs\masks_png\Marrakesh_sample_09326_los_mask.png,C:\TFG\CKMGenerator\inputs\masks_png\Marrakesh_sample_09326_nlos_mask.png,"topology_map,uav_height,los_mask,nlos_mask,path_loss,delay_spread,angular_spread"
41,Mexico_City_sample_09401,Mexico City,sample_09401,68.55368041992188,C:\TFG\CKMGenerator\inputs\samples\Mexico_City_sample_09401.h5,,C:\TFG\CKMGenerator\inputs\matrices\Mexico_City_sample_09401.npz,C:\TFG\CKMGenerator\inputs\topology_png\Mexico_City_sample_09401_topology.png,69.8184814453125,C:\TFG\CKMGenerator\inputs\topology_preview_png\Mexico_City_sample_09401_topology_preview.png,C:\TFG\CKMGenerator\inputs\masks_png\Mexico_City_sample_09401_los_mask.png,C:\TFG\CKMGenerator\inputs\masks_png\Mexico_City_sample_09401_nlos_mask.png,"topology_map,uav_height,los_mask,nlos_mask,path_loss,delay_spread,angular_spread"
42,Minsk_sample_10051,Minsk,sample_10051,319.8515625,C:\TFG\CKMGenerator\inputs\samples\Minsk_sample_10051.h5,,C:\TFG\CKMGenerator\inputs\matrices\Minsk_sample_10051.npz,C:\TFG\CKMGenerator\inputs\topology_png\Minsk_sample_10051_topology.png,32.853878021240234,C:\TFG\CKMGenerator\inputs\topology_preview_png\Minsk_sample_10051_topology_preview.png,C:\TFG\CKMGenerator\inputs\masks_png\Minsk_sample_10051_los_mask.png,C:\TFG\CKMGenerator\inputs\masks_png\Minsk_sample_10051_nlos_mask.png,"topology_map,uav_height,los_mask,nlos_mask,path_loss,delay_spread,angular_spread"
43,Munich_sample_10266,Munich,sample_10266,49.89666748046875,C:\TFG\CKMGenerator\inputs\samples\Munich_sample_10266.h5,,C:\TFG\CKMGenerator\inputs\matrices\Munich_sample_10266.npz,C:\TFG\CKMGenerator\inputs\topology_png\Munich_sample_10266_topology.png,37.70901107788086,C:\TFG\CKMGenerator\inputs\topology_preview_png\Munich_sample_10266_topology_preview.png,C:\TFG\CKMGenerator\inputs\masks_png\Munich_sample_10266_los_mask.png,C:\TFG\CKMGenerator\inputs\masks_png\Munich_sample_10266_nlos_mask.png,"topology_map,uav_height,los_mask,nlos_mask,path_loss,delay_spread,angular_spread"
44,Nagpur_sample_10406,Nagpur,sample_10406,66.72051239013672,C:\TFG\CKMGenerator\inputs\samples\Nagpur_sample_10406.h5,,C:\TFG\CKMGenerator\inputs\matrices\Nagpur_sample_10406.npz,C:\TFG\CKMGenerator\inputs\topology_png\Nagpur_sample_10406_topology.png,33.978599548339844,C:\TFG\CKMGenerator\inputs\topology_preview_png\Nagpur_sample_10406_topology_preview.png,C:\TFG\CKMGenerator\inputs\masks_png\Nagpur_sample_10406_los_mask.png,C:\TFG\CKMGenerator\inputs\masks_png\Nagpur_sample_10406_nlos_mask.png,"topology_map,uav_height,los_mask,nlos_mask,path_loss,delay_spread,angular_spread"
45,Nazareth_sample_10706,Nazareth,sample_10706,93.04766845703125,C:\TFG\CKMGenerator\inputs\samples\Nazareth_sample_10706.h5,,C:\TFG\CKMGenerator\inputs\matrices\Nazareth_sample_10706.npz,C:\TFG\CKMGenerator\inputs\topology_png\Nazareth_sample_10706_topology.png,43.96041488647461,C:\TFG\CKMGenerator\inputs\topology_preview_png\Nazareth_sample_10706_topology_preview.png,C:\TFG\CKMGenerator\inputs\masks_png\Nazareth_sample_10706_los_mask.png,C:\TFG\CKMGenerator\inputs\masks_png\Nazareth_sample_10706_nlos_mask.png,"topology_map,uav_height,los_mask,nlos_mask,path_loss,delay_spread,angular_spread"
46,Nice_sample_10811,Nice,sample_10811,45.621070861816406,C:\TFG\CKMGenerator\inputs\samples\Nice_sample_10811.h5,,C:\TFG\CKMGenerator\inputs\matrices\Nice_sample_10811.npz,C:\TFG\CKMGenerator\inputs\topology_png\Nice_sample_10811_topology.png,26.396957397460938,C:\TFG\CKMGenerator\inputs\topology_preview_png\Nice_sample_10811_topology_preview.png,C:\TFG\CKMGenerator\inputs\masks_png\Nice_sample_10811_los_mask.png,C:\TFG\CKMGenerator\inputs\masks_png\Nice_sample_10811_nlos_mask.png,"topology_map,uav_height,los_mask,nlos_mask,path_loss,delay_spread,angular_spread"
47,Osaka_sample_10846,Osaka,sample_10846,75.07298278808594,C:\TFG\CKMGenerator\inputs\samples\Osaka_sample_10846.h5,,C:\TFG\CKMGenerator\inputs\matrices\Osaka_sample_10846.npz,C:\TFG\CKMGenerator\inputs\topology_png\Osaka_sample_10846_topology.png,53.88642501831055,C:\TFG\CKMGenerator\inputs\topology_preview_png\Osaka_sample_10846_topology_preview.png,C:\TFG\CKMGenerator\inputs\masks_png\Osaka_sample_10846_los_mask.png,C:\TFG\CKMGenerator\inputs\masks_png\Osaka_sample_10846_nlos_mask.png,"topology_map,uav_height,los_mask,nlos_mask,path_loss,delay_spread,angular_spread"
48,Paris_sample_10896,Paris,sample_10896,340.490966796875,C:\TFG\CKMGenerator\inputs\samples\Paris_sample_10896.h5,,C:\TFG\CKMGenerator\inputs\matrices\Paris_sample_10896.npz,C:\TFG\CKMGenerator\inputs\topology_png\Paris_sample_10896_topology.png,30.48402214050293,C:\TFG\CKMGenerator\inputs\topology_preview_png\Paris_sample_10896_topology_preview.png,C:\TFG\CKMGenerator\inputs\masks_png\Paris_sample_10896_los_mask.png,C:\TFG\CKMGenerator\inputs\masks_png\Paris_sample_10896_nlos_mask.png,"topology_map,uav_height,los_mask,nlos_mask,path_loss,delay_spread,angular_spread"
49,Phuket_sample_11216,Phuket,sample_11216,97.8193588256836,C:\TFG\CKMGenerator\inputs\samples\Phuket_sample_11216.h5,,C:\TFG\CKMGenerator\inputs\matrices\Phuket_sample_11216.npz,C:\TFG\CKMGenerator\inputs\topology_png\Phuket_sample_11216_topology.png,22.746549606323242,C:\TFG\CKMGenerator\inputs\topology_preview_png\Phuket_sample_11216_topology_preview.png,C:\TFG\CKMGenerator\inputs\masks_png\Phuket_sample_11216_los_mask.png,C:\TFG\CKMGenerator\inputs\masks_png\Phuket_sample_11216_nlos_mask.png,"topology_map,uav_height,los_mask,nlos_mask,path_loss,delay_spread,angular_spread"
50,Pune_sample_11266,Pune,sample_11266,289.27838134765625,C:\TFG\CKMGenerator\inputs\samples\Pune_sample_11266.h5,,C:\TFG\CKMGenerator\inputs\matrices\Pune_sample_11266.npz,C:\TFG\CKMGenerator\inputs\topology_png\Pune_sample_11266_topology.png,116.45043182373047,C:\TFG\CKMGenerator\inputs\topology_preview_png\Pune_sample_11266_topology_preview.png,C:\TFG\CKMGenerator\inputs\masks_png\Pune_sample_11266_los_mask.png,C:\TFG\CKMGenerator\inputs\masks_png\Pune_sample_11266_nlos_mask.png,"topology_map,uav_height,los_mask,nlos_mask,path_loss,delay_spread,angular_spread"
51,Rio_de_Janeiro_sample_11401,Rio de Janeiro,sample_11401,34.54603576660156,C:\TFG\CKMGenerator\inputs\samples\Rio_de_Janeiro_sample_11401.h5,,C:\TFG\CKMGenerator\inputs\matrices\Rio_de_Janeiro_sample_11401.npz,C:\TFG\CKMGenerator\inputs\topology_png\Rio_de_Janeiro_sample_11401_topology.png,22.666196823120117,C:\TFG\CKMGenerator\inputs\topology_preview_png\Rio_de_Janeiro_sample_11401_topology_preview.png,C:\TFG\CKMGenerator\inputs\masks_png\Rio_de_Janeiro_sample_11401_los_mask.png,C:\TFG\CKMGenerator\inputs\masks_png\Rio_de_Janeiro_sample_11401_nlos_mask.png,"topology_map,uav_height,los_mask,nlos_mask,path_loss,delay_spread,angular_spread"
52,Salvador_sample_12386,Salvador,sample_12386,280.8553466796875,C:\TFG\CKMGenerator\inputs\samples\Salvador_sample_12386.h5,,C:\TFG\CKMGenerator\inputs\matrices\Salvador_sample_12386.npz,C:\TFG\CKMGenerator\inputs\topology_png\Salvador_sample_12386_topology.png,15.679526329040527,C:\TFG\CKMGenerator\inputs\topology_preview_png\Salvador_sample_12386_topology_preview.png,C:\TFG\CKMGenerator\inputs\masks_png\Salvador_sample_12386_los_mask.png,C:\TFG\CKMGenerator\inputs\masks_png\Salvador_sample_12386_nlos_mask.png,"topology_map,uav_height,los_mask,nlos_mask,path_loss,delay_spread,angular_spread"
53,Santiago_sample_12491,Santiago,sample_12491,296.1181945800781,C:\TFG\CKMGenerator\inputs\samples\Santiago_sample_12491.h5,,C:\TFG\CKMGenerator\inputs\matrices\Santiago_sample_12491.npz,C:\TFG\CKMGenerator\inputs\topology_png\Santiago_sample_12491_topology.png,11.928098678588867,C:\TFG\CKMGenerator\inputs\topology_preview_png\Santiago_sample_12491_topology_preview.png,C:\TFG\CKMGenerator\inputs\masks_png\Santiago_sample_12491_los_mask.png,C:\TFG\CKMGenerator\inputs\masks_png\Santiago_sample_12491_nlos_mask.png,"topology_map,uav_height,los_mask,nlos_mask,path_loss,delay_spread,angular_spread"
54,Segovia_sample_13191,Segovia,sample_13191,51.332088470458984,C:\TFG\CKMGenerator\inputs\samples\Segovia_sample_13191.h5,,C:\TFG\CKMGenerator\inputs\matrices\Segovia_sample_13191.npz,C:\TFG\CKMGenerator\inputs\topology_png\Segovia_sample_13191_topology.png,42.4775276184082,C:\TFG\CKMGenerator\inputs\topology_preview_png\Segovia_sample_13191_topology_preview.png,C:\TFG\CKMGenerator\inputs\masks_png\Segovia_sample_13191_los_mask.png,C:\TFG\CKMGenerator\inputs\masks_png\Segovia_sample_13191_nlos_mask.png,"topology_map,uav_height,los_mask,nlos_mask,path_loss,delay_spread,angular_spread"
55,Shanghai_sample_13221,Shanghai,sample_13221,54.40666198730469,C:\TFG\CKMGenerator\inputs\samples\Shanghai_sample_13221.h5,,C:\TFG\CKMGenerator\inputs\matrices\Shanghai_sample_13221.npz,C:\TFG\CKMGenerator\inputs\topology_png\Shanghai_sample_13221_topology.png,72.31890106201172,C:\TFG\CKMGenerator\inputs\topology_preview_png\Shanghai_sample_13221_topology_preview.png,C:\TFG\CKMGenerator\inputs\masks_png\Shanghai_sample_13221_los_mask.png,C:\TFG\CKMGenerator\inputs\masks_png\Shanghai_sample_13221_nlos_mask.png,"topology_map,uav_height,los_mask,nlos_mask,path_loss,delay_spread,angular_spread"
56,Siem_Reap_sample_13991,Siem Reap,sample_13991,139.2394256591797,C:\TFG\CKMGenerator\inputs\samples\Siem_Reap_sample_13991.h5,,C:\TFG\CKMGenerator\inputs\matrices\Siem_Reap_sample_13991.npz,C:\TFG\CKMGenerator\inputs\topology_png\Siem_Reap_sample_13991_topology.png,16.170316696166992,C:\TFG\CKMGenerator\inputs\topology_preview_png\Siem_Reap_sample_13991_topology_preview.png,C:\TFG\CKMGenerator\inputs\masks_png\Siem_Reap_sample_13991_los_mask.png,C:\TFG\CKMGenerator\inputs\masks_png\Siem_Reap_sample_13991_nlos_mask.png,"topology_map,uav_height,los_mask,nlos_mask,path_loss,delay_spread,angular_spread"
57,St__Louis_sample_14106,St. Louis,sample_14106,39.35926818847656,C:\TFG\CKMGenerator\inputs\samples\St__Louis_sample_14106.h5,,C:\TFG\CKMGenerator\inputs\matrices\St__Louis_sample_14106.npz,C:\TFG\CKMGenerator\inputs\topology_png\St__Louis_sample_14106_topology.png,13.201188087463379,C:\TFG\CKMGenerator\inputs\topology_preview_png\St__Louis_sample_14106_topology_preview.png,C:\TFG\CKMGenerator\inputs\masks_png\St__Louis_sample_14106_los_mask.png,C:\TFG\CKMGenerator\inputs\masks_png\St__Louis_sample_14106_nlos_mask.png,"topology_map,uav_height,los_mask,nlos_mask,path_loss,delay_spread,angular_spread"
58,Surat_sample_14411,Surat,sample_14411,185.04586791992188,C:\TFG\CKMGenerator\inputs\samples\Surat_sample_14411.h5,,C:\TFG\CKMGenerator\inputs\matrices\Surat_sample_14411.npz,C:\TFG\CKMGenerator\inputs\topology_png\Surat_sample_14411_topology.png,47.9715576171875,C:\TFG\CKMGenerator\inputs\topology_preview_png\Surat_sample_14411_topology_preview.png,C:\TFG\CKMGenerator\inputs\masks_png\Surat_sample_14411_los_mask.png,C:\TFG\CKMGenerator\inputs\masks_png\Surat_sample_14411_nlos_mask.png,"topology_map,uav_height,los_mask,nlos_mask,path_loss,delay_spread,angular_spread"
59,Thane_sample_14601,Thane,sample_14601,72.91290283203125,C:\TFG\CKMGenerator\inputs\samples\Thane_sample_14601.h5,,C:\TFG\CKMGenerator\inputs\matrices\Thane_sample_14601.npz,C:\TFG\CKMGenerator\inputs\topology_png\Thane_sample_14601_topology.png,35.300533294677734,C:\TFG\CKMGenerator\inputs\topology_preview_png\Thane_sample_14601_topology_preview.png,C:\TFG\CKMGenerator\inputs\masks_png\Thane_sample_14601_los_mask.png,C:\TFG\CKMGenerator\inputs\masks_png\Thane_sample_14601_nlos_mask.png,"topology_map,uav_height,los_mask,nlos_mask,path_loss,delay_spread,angular_spread"
60,Toledo_sample_14621,Toledo,sample_14621,207.92379760742188,C:\TFG\CKMGenerator\inputs\samples\Toledo_sample_14621.h5,,C:\TFG\CKMGenerator\inputs\matrices\Toledo_sample_14621.npz,C:\TFG\CKMGenerator\inputs\topology_png\Toledo_sample_14621_topology.png,16.839576721191406,C:\TFG\CKMGenerator\inputs\topology_preview_png\Toledo_sample_14621_topology_preview.png,C:\TFG\CKMGenerator\inputs\masks_png\Toledo_sample_14621_los_mask.png,C:\TFG\CKMGenerator\inputs\masks_png\Toledo_sample_14621_nlos_mask.png,"topology_map,uav_height,los_mask,nlos_mask,path_loss,delay_spread,angular_spread"
61,Tunis_sample_14651,Tunis,sample_14651,88.0826187133789,C:\TFG\CKMGenerator\inputs\samples\Tunis_sample_14651.h5,,C:\TFG\CKMGenerator\inputs\matrices\Tunis_sample_14651.npz,C:\TFG\CKMGenerator\inputs\topology_png\Tunis_sample_14651_topology.png,8.047171592712402,C:\TFG\CKMGenerator\inputs\topology_preview_png\Tunis_sample_14651_topology_preview.png,C:\TFG\CKMGenerator\inputs\masks_png\Tunis_sample_14651_los_mask.png,C:\TFG\CKMGenerator\inputs\masks_png\Tunis_sample_14651_nlos_mask.png,"topology_map,uav_height,los_mask,nlos_mask,path_loss,delay_spread,angular_spread"
62,Valparaiso_sample_15051,Valparaiso,sample_15051,76.5305404663086,C:\TFG\CKMGenerator\inputs\samples\Valparaiso_sample_15051.h5,,C:\TFG\CKMGenerator\inputs\matrices\Valparaiso_sample_15051.npz,C:\TFG\CKMGenerator\inputs\topology_png\Valparaiso_sample_15051_topology.png,29.58059310913086,C:\TFG\CKMGenerator\inputs\topology_preview_png\Valparaiso_sample_15051_topology_preview.png,C:\TFG\CKMGenerator\inputs\masks_png\Valparaiso_sample_15051_los_mask.png,C:\TFG\CKMGenerator\inputs\masks_png\Valparaiso_sample_15051_nlos_mask.png,"topology_map,uav_height,los_mask,nlos_mask,path_loss,delay_spread,angular_spread"
63,Vancouver_sample_15121,Vancouver,sample_15121,105.59373474121094,C:\TFG\CKMGenerator\inputs\samples\Vancouver_sample_15121.h5,,C:\TFG\CKMGenerator\inputs\matrices\Vancouver_sample_15121.npz,C:\TFG\CKMGenerator\inputs\topology_png\Vancouver_sample_15121_topology.png,10.193770408630371,C:\TFG\CKMGenerator\inputs\topology_preview_png\Vancouver_sample_15121_topology_preview.png,C:\TFG\CKMGenerator\inputs\masks_png\Vancouver_sample_15121_los_mask.png,C:\TFG\CKMGenerator\inputs\masks_png\Vancouver_sample_15121_nlos_mask.png,"topology_map,uav_height,los_mask,nlos_mask,path_loss,delay_spread,angular_spread"
64,Venice_sample_15626,Venice,sample_15626,101.06212615966797,C:\TFG\CKMGenerator\inputs\samples\Venice_sample_15626.h5,,C:\TFG\CKMGenerator\inputs\matrices\Venice_sample_15626.npz,C:\TFG\CKMGenerator\inputs\topology_png\Venice_sample_15626_topology.png,8.458852767944336,C:\TFG\CKMGenerator\inputs\topology_preview_png\Venice_sample_15626_topology_preview.png,C:\TFG\CKMGenerator\inputs\masks_png\Venice_sample_15626_los_mask.png,C:\TFG\CKMGenerator\inputs\masks_png\Venice_sample_15626_nlos_mask.png,"topology_map,uav_height,los_mask,nlos_mask,path_loss,delay_spread,angular_spread"
65,Victoria_sample_15726,Victoria,sample_15726,101.87776184082031,C:\TFG\CKMGenerator\inputs\samples\Victoria_sample_15726.h5,,C:\TFG\CKMGenerator\inputs\matrices\Victoria_sample_15726.npz,C:\TFG\CKMGenerator\inputs\topology_png\Victoria_sample_15726_topology.png,16.175323486328125,C:\TFG\CKMGenerator\inputs\topology_preview_png\Victoria_sample_15726_topology_preview.png,C:\TFG\CKMGenerator\inputs\masks_png\Victoria_sample_15726_los_mask.png,C:\TFG\CKMGenerator\inputs\masks_png\Victoria_sample_15726_nlos_mask.png,"topology_map,uav_height,los_mask,nlos_mask,path_loss,delay_spread,angular_spread"
66,Vienna_sample_15981,Vienna,sample_15981,61.92404556274414,C:\TFG\CKMGenerator\inputs\samples\Vienna_sample_15981.h5,,C:\TFG\CKMGenerator\inputs\matrices\Vienna_sample_15981.npz,C:\TFG\CKMGenerator\inputs\topology_png\Vienna_sample_15981_topology.png,12.68093204498291,C:\TFG\CKMGenerator\inputs\topology_preview_png\Vienna_sample_15981_topology_preview.png,C:\TFG\CKMGenerator\inputs\masks_png\Vienna_sample_15981_los_mask.png,C:\TFG\CKMGenerator\inputs\masks_png\Vienna_sample_15981_nlos_mask.png,"topology_map,uav_height,los_mask,nlos_mask,path_loss,delay_spread,angular_spread"
67,Abidjan_sample_00002,Abidjan,sample_00002,23.62197494506836,C:\TFG\CKMGenerator\inputs\samples\Abidjan_sample_00002.h5,,C:\TFG\CKMGenerator\inputs\matrices\Abidjan_sample_00002.npz,C:\TFG\CKMGenerator\inputs\topology_png\Abidjan_sample_00002_topology.png,41.88542175292969,C:\TFG\CKMGenerator\inputs\topology_preview_png\Abidjan_sample_00002_topology_preview.png,C:\TFG\CKMGenerator\inputs\masks_png\Abidjan_sample_00002_los_mask.png,C:\TFG\CKMGenerator\inputs\masks_png\Abidjan_sample_00002_nlos_mask.png,"topology_map,uav_height,los_mask,nlos_mask,path_loss,delay_spread,angular_spread"
68,Abu_Dhabi_sample_00177,Abu Dhabi,sample_00177,64.60503387451172,C:\TFG\CKMGenerator\inputs\samples\Abu_Dhabi_sample_00177.h5,,C:\TFG\CKMGenerator\inputs\matrices\Abu_Dhabi_sample_00177.npz,C:\TFG\CKMGenerator\inputs\topology_png\Abu_Dhabi_sample_00177_topology.png,35.57048034667969,C:\TFG\CKMGenerator\inputs\topology_preview_png\Abu_Dhabi_sample_00177_topology_preview.png,C:\TFG\CKMGenerator\inputs\masks_png\Abu_Dhabi_sample_00177_los_mask.png,C:\TFG\CKMGenerator\inputs\masks_png\Abu_Dhabi_sample_00177_nlos_mask.png,"topology_map,uav_height,los_mask,nlos_mask,path_loss,delay_spread,angular_spread"
69,Alexandria_sample_01282,Alexandria,sample_01282,273.9267883300781,C:\TFG\CKMGenerator\inputs\samples\Alexandria_sample_01282.h5,,C:\TFG\CKMGenerator\inputs\matrices\Alexandria_sample_01282.npz,C:\TFG\CKMGenerator\inputs\topology_png\Alexandria_sample_01282_topology.png,15.427445411682129,C:\TFG\CKMGenerator\inputs\topology_preview_png\Alexandria_sample_01282_topology_preview.png,C:\TFG\CKMGenerator\inputs\masks_png\Alexandria_sample_01282_los_mask.png,C:\TFG\CKMGenerator\inputs\masks_png\Alexandria_sample_01282_nlos_mask.png,"topology_map,uav_height,los_mask,nlos_mask,path_loss,delay_spread,angular_spread"
70,Antigua_Guatemala_sample_01527,Antigua Guatemala,sample_01527,50.76788330078125,C:\TFG\CKMGenerator\inputs\samples\Antigua_Guatemala_sample_01527.h5,,C:\TFG\CKMGenerator\inputs\matrices\Antigua_Guatemala_sample_01527.npz,C:\TFG\CKMGenerator\inputs\topology_png\Antigua_Guatemala_sample_01527_topology.png,8.475419998168945,C:\TFG\CKMGenerator\inputs\topology_preview_png\Antigua_Guatemala_sample_01527_topology_preview.png,C:\TFG\CKMGenerator\inputs\masks_png\Antigua_Guatemala_sample_01527_los_mask.png,C:\TFG\CKMGenerator\inputs\masks_png\Antigua_Guatemala_sample_01527_nlos_mask.png,"topology_map,uav_height,los_mask,nlos_mask,path_loss,delay_spread,angular_spread"
71,Athens_sample_01727,Athens,sample_01727,244.65487670898438,C:\TFG\CKMGenerator\inputs\samples\Athens_sample_01727.h5,,C:\TFG\CKMGenerator\inputs\matrices\Athens_sample_01727.npz,C:\TFG\CKMGenerator\inputs\topology_png\Athens_sample_01727_topology.png,30.51954460144043,C:\TFG\CKMGenerator\inputs\topology_preview_png\Athens_sample_01727_topology_preview.png,C:\TFG\CKMGenerator\inputs\masks_png\Athens_sample_01727_los_mask.png,C:\TFG\CKMGenerator\inputs\masks_png\Athens_sample_01727_nlos_mask.png,"topology_map,uav_height,los_mask,nlos_mask,path_loss,delay_spread,angular_spread"
72,Bangalore_sample_02102,Bangalore,sample_02102,79.9996566772461,C:\TFG\CKMGenerator\inputs\samples\Bangalore_sample_02102.h5,,C:\TFG\CKMGenerator\inputs\matrices\Bangalore_sample_02102.npz,C:\TFG\CKMGenerator\inputs\topology_png\Bangalore_sample_02102_topology.png,77.70076751708984,C:\TFG\CKMGenerator\inputs\topology_preview_png\Bangalore_sample_02102_topology_preview.png,C:\TFG\CKMGenerator\inputs\masks_png\Bangalore_sample_02102_los_mask.png,C:\TFG\CKMGenerator\inputs\masks_png\Bangalore_sample_02102_nlos_mask.png,"topology_map,uav_height,los_mask,nlos_mask,path_loss,delay_spread,angular_spread"
73,Bangkok_sample_02502,Bangkok,sample_02502,45.70779037475586,C:\TFG\CKMGenerator\inputs\samples\Bangkok_sample_02502.h5,,C:\TFG\CKMGenerator\inputs\matrices\Bangkok_sample_02502.npz,C:\TFG\CKMGenerator\inputs\topology_png\Bangkok_sample_02502_topology.png,81.43717956542969,C:\TFG\CKMGenerator\inputs\topology_preview_png\Bangkok_sample_02502_topology_preview.png,C:\TFG\CKMGenerator\inputs\masks_png\Bangkok_sample_02502_los_mask.png,C:\TFG\CKMGenerator\inputs\masks_png\Bangkok_sample_02502_nlos_mask.png,"topology_map,uav_height,los_mask,nlos_mask,path_loss,delay_spread,angular_spread"
74,Barcelona_sample_02802,Barcelona,sample_02802,71.66708374023438,C:\TFG\CKMGenerator\inputs\samples\Barcelona_sample_02802.h5,,C:\TFG\CKMGenerator\inputs\matrices\Barcelona_sample_02802.npz,C:\TFG\CKMGenerator\inputs\topology_png\Barcelona_sample_02802_topology.png,44.96245574951172,C:\TFG\CKMGenerator\inputs\topology_preview_png\Barcelona_sample_02802_topology_preview.png,C:\TFG\CKMGenerator\inputs\masks_png\Barcelona_sample_02802_los_mask.png,C:\TFG\CKMGenerator\inputs\masks_png\Barcelona_sample_02802_nlos_mask.png,"topology_map,uav_height,los_mask,nlos_mask,path_loss,delay_spread,angular_spread"
75,Bath_sample_02852,Bath,sample_02852,115.8174819946289,C:\TFG\CKMGenerator\inputs\samples\Bath_sample_02852.h5,,C:\TFG\CKMGenerator\inputs\matrices\Bath_sample_02852.npz,C:\TFG\CKMGenerator\inputs\topology_png\Bath_sample_02852_topology.png,23.0,C:\TFG\CKMGenerator\inputs\topology_preview_png\Bath_sample_02852_topology_preview.png,C:\TFG\CKMGenerator\inputs\masks_png\Bath_sample_02852_los_mask.png,C:\TFG\CKMGenerator\inputs\masks_png\Bath_sample_02852_nlos_mask.png,"topology_map,uav_height,los_mask,nlos_mask,path_loss,delay_spread,angular_spread"
76,Beijing_sample_02887,Beijing,sample_02887,109.17153930664062,C:\TFG\CKMGenerator\inputs\samples\Beijing_sample_02887.h5,,C:\TFG\CKMGenerator\inputs\matrices\Beijing_sample_02887.npz,C:\TFG\CKMGenerator\inputs\topology_png\Beijing_sample_02887_topology.png,27.054174423217773,C:\TFG\CKMGenerator\inputs\topology_preview_png\Beijing_sample_02887_topology_preview.png,C:\TFG\CKMGenerator\inputs\masks_png\Beijing_sample_02887_los_mask.png,C:\TFG\CKMGenerator\inputs\masks_png\Beijing_sample_02887_nlos_mask.png,"topology_map,uav_height,los_mask,nlos_mask,path_loss,delay_spread,angular_spread"
77,Berlin_sample_03087,Berlin,sample_03087,64.07697296142578,C:\TFG\CKMGenerator\inputs\samples\Berlin_sample_03087.h5,,C:\TFG\CKMGenerator\inputs\matrices\Berlin_sample_03087.npz,C:\TFG\CKMGenerator\inputs\topology_png\Berlin_sample_03087_topology.png,31.10255241394043,C:\TFG\CKMGenerator\inputs\topology_preview_png\Berlin_sample_03087_topology_preview.png,C:\TFG\CKMGenerator\inputs\masks_png\Berlin_sample_03087_los_mask.png,C:\TFG\CKMGenerator\inputs\masks_png\Berlin_sample_03087_nlos_mask.png,"topology_map,uav_height,los_mask,nlos_mask,path_loss,delay_spread,angular_spread"
78,Bilbao_sample_03357,Bilbao,sample_03357,289.2751159667969,C:\TFG\CKMGenerator\inputs\samples\Bilbao_sample_03357.h5,,C:\TFG\CKMGenerator\inputs\matrices\Bilbao_sample_03357.npz,C:\TFG\CKMGenerator\inputs\topology_png\Bilbao_sample_03357_topology.png,75.95514678955078,C:\TFG\CKMGenerator\inputs\topology_preview_png\Bilbao_sample_03357_topology_preview.png,C:\TFG\CKMGenerator\inputs\masks_png\Bilbao_sample_03357_los_mask.png,C:\TFG\CKMGenerator\inputs\masks_png\Bilbao_sample_03357_nlos_mask.png,"topology_map,uav_height,los_mask,nlos_mask,path_loss,delay_spread,angular_spread"
79,Bratislava_sample_03407,Bratislava,sample_03407,312.7921142578125,C:\TFG\CKMGenerator\inputs\samples\Bratislava_sample_03407.h5,,C:\TFG\CKMGenerator\inputs\matrices\Bratislava_sample_03407.npz,C:\TFG\CKMGenerator\inputs\topology_png\Bratislava_sample_03407_topology.png,84.98521423339844,C:\TFG\CKMGenerator\inputs\topology_preview_png\Bratislava_sample_03407_topology_preview.png,C:\TFG\CKMGenerator\inputs\masks_png\Bratislava_sample_03407_los_mask.png,C:\TFG\CKMGenerator\inputs\masks_png\Bratislava_sample_03407_nlos_mask.png,"topology_map,uav_height,los_mask,nlos_mask,path_loss,delay_spread,angular_spread"
80,Brugge_sample_03432,Brugge,sample_03432,31.840898513793945,C:\TFG\CKMGenerator\inputs\samples\Brugge_sample_03432.h5,,C:\TFG\CKMGenerator\inputs\matrices\Brugge_sample_03432.npz,C:\TFG\CKMGenerator\inputs\topology_png\Brugge_sample_03432_topology.png,49.87484359741211,C:\TFG\CKMGenerator\inputs\topology_preview_png\Brugge_sample_03432_topology_preview.png,C:\TFG\CKMGenerator\inputs\masks_png\Brugge_sample_03432_los_mask.png,C:\TFG\CKMGenerator\inputs\masks_png\Brugge_sample_03432_nlos_mask.png,"topology_map,uav_height,los_mask,nlos_mask,path_loss,delay_spread,angular_spread"
81,Buenos_Aires_sample_03492,Buenos Aires,sample_03492,40.1693115234375,C:\TFG\CKMGenerator\inputs\samples\Buenos_Aires_sample_03492.h5,,C:\TFG\CKMGenerator\inputs\matrices\Buenos_Aires_sample_03492.npz,C:\TFG\CKMGenerator\inputs\topology_png\Buenos_Aires_sample_03492_topology.png,74.84796142578125,C:\TFG\CKMGenerator\inputs\topology_preview_png\Buenos_Aires_sample_03492_topology_preview.png,C:\TFG\CKMGenerator\inputs\masks_png\Buenos_Aires_sample_03492_los_mask.png,C:\TFG\CKMGenerator\inputs\masks_png\Buenos_Aires_sample_03492_nlos_mask.png,"topology_map,uav_height,los_mask,nlos_mask,path_loss,delay_spread,angular_spread"
82,Canberra_sample_03972,Canberra,sample_03972,66.49391174316406,C:\TFG\CKMGenerator\inputs\samples\Canberra_sample_03972.h5,,C:\TFG\CKMGenerator\inputs\matrices\Canberra_sample_03972.npz,C:\TFG\CKMGenerator\inputs\topology_png\Canberra_sample_03972_topology.png,63.12133026123047,C:\TFG\CKMGenerator\inputs\topology_preview_png\Canberra_sample_03972_topology_preview.png,C:\TFG\CKMGenerator\inputs\masks_png\Canberra_sample_03972_los_mask.png,C:\TFG\CKMGenerator\inputs\masks_png\Canberra_sample_03972_nlos_mask.png,"topology_map,uav_height,los_mask,nlos_mask,path_loss,delay_spread,angular_spread"
83,Carcassonne_sample_04302,Carcassonne,sample_04302,66.42124938964844,C:\TFG\CKMGenerator\inputs\samples\Carcassonne_sample_04302.h5,,C:\TFG\CKMGenerator\inputs\matrices\Carcassonne_sample_04302.npz,C:\TFG\CKMGenerator\inputs\topology_png\Carcassonne_sample_04302_topology.png,11.544807434082031,C:\TFG\CKMGenerator\inputs\topology_preview_png\Carcassonne_sample_04302_topology_preview.png,C:\TFG\CKMGenerator\inputs\masks_png\Carcassonne_sample_04302_los_mask.png,C:\TFG\CKMGenerator\inputs\masks_png\Carcassonne_sample_04302_nlos_mask.png,"topology_map,uav_height,los_mask,nlos_mask,path_loss,delay_spread,angular_spread"
84,Chefchaouen_sample_04412,Chefchaouen,sample_04412,48.23448944091797,C:\TFG\CKMGenerator\inputs\samples\Chefchaouen_sample_04412.h5,,C:\TFG\CKMGenerator\inputs\matrices\Chefchaouen_sample_04412.npz,C:\TFG\CKMGenerator\inputs\topology_png\Chefchaouen_sample_04412_topology.png,23.533348083496094,C:\TFG\CKMGenerator\inputs\topology_preview_png\Chefchaouen_sample_04412_topology_preview.png,C:\TFG\CKMGenerator\inputs\masks_png\Chefchaouen_sample_04412_los_mask.png,C:\TFG\CKMGenerator\inputs\masks_png\Chefchaouen_sample_04412_nlos_mask.png,"topology_map,uav_height,los_mask,nlos_mask,path_loss,delay_spread,angular_spread"
85,Chiang_Mai_sample_04437,Chiang Mai,sample_04437,247.6047821044922,C:\TFG\CKMGenerator\inputs\samples\Chiang_Mai_sample_04437.h5,,C:\TFG\CKMGenerator\inputs\matrices\Chiang_Mai_sample_04437.npz,C:\TFG\CKMGenerator\inputs\topology_png\Chiang_Mai_sample_04437_topology.png,32.80364990234375,C:\TFG\CKMGenerator\inputs\topology_preview_png\Chiang_Mai_sample_04437_topology_preview.png,C:\TFG\CKMGenerator\inputs\masks_png\Chiang_Mai_sample_04437_los_mask.png,C:\TFG\CKMGenerator\inputs\masks_png\Chiang_Mai_sample_04437_nlos_mask.png,"topology_map,uav_height,los_mask,nlos_mask,path_loss,delay_spread,angular_spread"
86,Cleveland_sample_04532,Cleveland,sample_04532,75.31114959716797,C:\TFG\CKMGenerator\inputs\samples\Cleveland_sample_04532.h5,,C:\TFG\CKMGenerator\inputs\matrices\Cleveland_sample_04532.npz,C:\TFG\CKMGenerator\inputs\topology_png\Cleveland_sample_04532_topology.png,14.075414657592773,C:\TFG\CKMGenerator\inputs\topology_preview_png\Cleveland_sample_04532_topology_preview.png,C:\TFG\CKMGenerator\inputs\masks_png\Cleveland_sample_04532_los_mask.png,C:\TFG\CKMGenerator\inputs\masks_png\Cleveland_sample_04532_nlos_mask.png,"topology_map,uav_height,los_mask,nlos_mask,path_loss,delay_spread,angular_spread"
87,Copenhagen_sample_04682,Copenhagen,sample_04682,285.3043212890625,C:\TFG\CKMGenerator\inputs\samples\Copenhagen_sample_04682.h5,,C:\TFG\CKMGenerator\inputs\matrices\Copenhagen_sample_04682.npz,C:\TFG\CKMGenerator\inputs\topology_png\Copenhagen_sample_04682_topology.png,24.38590431213379,C:\TFG\CKMGenerator\inputs\topology_preview_png\Copenhagen_sample_04682_topology_preview.png,C:\TFG\CKMGenerator\inputs\masks_png\Copenhagen_sample_04682_los_mask.png,C:\TFG\CKMGenerator\inputs\masks_png\Copenhagen_sample_04682_nlos_mask.png,"topology_map,uav_height,los_mask,nlos_mask,path_loss,delay_spread,angular_spread"
88,Dalian_sample_04902,Dalian,sample_04902,213.01406860351562,C:\TFG\CKMGenerator\inputs\samples\Dalian_sample_04902.h5,,C:\TFG\CKMGenerator\inputs\matrices\Dalian_sample_04902.npz,C:\TFG\CKMGenerator\inputs\topology_png\Dalian_sample_04902_topology.png,116.99313354492188,C:\TFG\CKMGenerator\inputs\topology_preview_png\Dalian_sample_04902_topology_preview.png,C:\TFG\CKMGenerator\inputs\masks_png\Dalian_sample_04902_los_mask.png,C:\TFG\CKMGenerator\inputs\masks_png\Dalian_sample_04902_nlos_mask.png,"topology_map,uav_height,los_mask,nlos_mask,path_loss,delay_spread,angular_spread"
89,Dhaka_sample_05007,Dhaka,sample_05007,73.21543884277344,C:\TFG\CKMGenerator\inputs\samples\Dhaka_sample_05007.h5,,C:\TFG\CKMGenerator\inputs\matrices\Dhaka_sample_05007.npz,C:\TFG\CKMGenerator\inputs\topology_png\Dhaka_sample_05007_topology.png,49.908199310302734,C:\TFG\CKMGenerator\inputs\topology_preview_png\Dhaka_sample_05007_topology_preview.png,C:\TFG\CKMGenerator\inputs\masks_png\Dhaka_sample_05007_los_mask.png,C:\TFG\CKMGenerator\inputs\masks_png\Dhaka_sample_05007_nlos_mask.png,"topology_map,uav_height,los_mask,nlos_mask,path_loss,delay_spread,angular_spread"
90,Dubrovnik_sample_05232,Dubrovnik,sample_05232,55.730064392089844,C:\TFG\CKMGenerator\inputs\samples\Dubrovnik_sample_05232.h5,,C:\TFG\CKMGenerator\inputs\matrices\Dubrovnik_sample_05232.npz,C:\TFG\CKMGenerator\inputs\topology_png\Dubrovnik_sample_05232_topology.png,30.872365951538086,C:\TFG\CKMGenerator\inputs\topology_preview_png\Dubrovnik_sample_05232_topology_preview.png,C:\TFG\CKMGenerator\inputs\masks_png\Dubrovnik_sample_05232_los_mask.png,C:\TFG\CKMGenerator\inputs\masks_png\Dubrovnik_sample_05232_nlos_mask.png,"topology_map,uav_height,los_mask,nlos_mask,path_loss,delay_spread,angular_spread"
91,Fortaleza_sample_05322,Fortaleza,sample_05322,63.85606002807617,C:\TFG\CKMGenerator\inputs\samples\Fortaleza_sample_05322.h5,,C:\TFG\CKMGenerator\inputs\matrices\Fortaleza_sample_05322.npz,C:\TFG\CKMGenerator\inputs\topology_png\Fortaleza_sample_05322_topology.png,38.379154205322266,C:\TFG\CKMGenerator\inputs\topology_preview_png\Fortaleza_sample_05322_topology_preview.png,C:\TFG\CKMGenerator\inputs\masks_png\Fortaleza_sample_05322_los_mask.png,C:\TFG\CKMGenerator\inputs\masks_png\Fortaleza_sample_05322_nlos_mask.png,"topology_map,uav_height,los_mask,nlos_mask,path_loss,delay_spread,angular_spread"
92,Halifax_sample_05667,Halifax,sample_05667,229.1220245361328,C:\TFG\CKMGenerator\inputs\samples\Halifax_sample_05667.h5,,C:\TFG\CKMGenerator\inputs\matrices\Halifax_sample_05667.npz,C:\TFG\CKMGenerator\inputs\topology_png\Halifax_sample_05667_topology.png,9.41187858581543,C:\TFG\CKMGenerator\inputs\topology_preview_png\Halifax_sample_05667_topology_preview.png,C:\TFG\CKMGenerator\inputs\masks_png\Halifax_sample_05667_los_mask.png,C:\TFG\CKMGenerator\inputs\masks_png\Halifax_sample_05667_nlos_mask.png,"topology_map,uav_height,los_mask,nlos_mask,path_loss,delay_spread,angular_spread"
93,Hanoi_sample_05917,Hanoi,sample_05917,197.06195068359375,C:\TFG\CKMGenerator\inputs\samples\Hanoi_sample_05917.h5,,C:\TFG\CKMGenerator\inputs\matrices\Hanoi_sample_05917.npz,C:\TFG\CKMGenerator\inputs\topology_png\Hanoi_sample_05917_topology.png,23.962987899780273,C:\TFG\CKMGenerator\inputs\topology_preview_png\Hanoi_sample_05917_topology_preview.png,C:\TFG\CKMGenerator\inputs\masks_png\Hanoi_sample_05917_los_mask.png,C:\TFG\CKMGenerator\inputs\masks_png\Hanoi_sample_05917_nlos_mask.png,"topology_map,uav_height,los_mask,nlos_mask,path_loss,delay_spread,angular_spread"
94,Ho_Chi_Minh_City_sample_06352,Ho Chi Minh City,sample_06352,104.16256713867188,C:\TFG\CKMGenerator\inputs\samples\Ho_Chi_Minh_City_sample_06352.h5,,C:\TFG\CKMGenerator\inputs\matrices\Ho_Chi_Minh_City_sample_06352.npz,C:\TFG\CKMGenerator\inputs\topology_png\Ho_Chi_Minh_City_sample_06352_topology.png,65.7019271850586,C:\TFG\CKMGenerator\inputs\topology_preview_png\Ho_Chi_Minh_City_sample_06352_topology_preview.png,C:\TFG\CKMGenerator\inputs\masks_png\Ho_Chi_Minh_City_sample_06352_los_mask.png,C:\TFG\CKMGenerator\inputs\masks_png\Ho_Chi_Minh_City_sample_06352_nlos_mask.png,"topology_map,uav_height,los_mask,nlos_mask,path_loss,delay_spread,angular_spread"
95,Hyderabad_sample_06922,Hyderabad,sample_06922,324.5230407714844,C:\TFG\CKMGenerator\inputs\samples\Hyderabad_sample_06922.h5,,C:\TFG\CKMGenerator\inputs\matrices\Hyderabad_sample_06922.npz,C:\TFG\CKMGenerator\inputs\topology_png\Hyderabad_sample_06922_topology.png,56.444278717041016,C:\TFG\CKMGenerator\inputs\topology_preview_png\Hyderabad_sample_06922_topology_preview.png,C:\TFG\CKMGenerator\inputs\masks_png\Hyderabad_sample_06922_los_mask.png,C:\TFG\CKMGenerator\inputs\masks_png\Hyderabad_sample_06922_nlos_mask.png,"topology_map,uav_height,los_mask,nlos_mask,path_loss,delay_spread,angular_spread"
96,Jaipur_sample_07192,Jaipur,sample_07192,71.31019592285156,C:\TFG\CKMGenerator\inputs\samples\Jaipur_sample_07192.h5,,C:\TFG\CKMGenerator\inputs\matrices\Jaipur_sample_07192.npz,C:\TFG\CKMGenerator\inputs\topology_png\Jaipur_sample_07192_topology.png,29.102317810058594,C:\TFG\CKMGenerator\inputs\topology_preview_png\Jaipur_sample_07192_topology_preview.png,C:\TFG\CKMGenerator\inputs\masks_png\Jaipur_sample_07192_los_mask.png,C:\TFG\CKMGenerator\inputs\masks_png\Jaipur_sample_07192_nlos_mask.png,"topology_map,uav_height,los_mask,nlos_mask,path_loss,delay_spread,angular_spread"
97,Johannesburg_sample_07312,Johannesburg,sample_07312,300.83038330078125,C:\TFG\CKMGenerator\inputs\samples\Johannesburg_sample_07312.h5,,C:\TFG\CKMGenerator\inputs\matrices\Johannesburg_sample_07312.npz,C:\TFG\CKMGenerator\inputs\topology_png\Johannesburg_sample_07312_topology.png,25.593521118164062,C:\TFG\CKMGenerator\inputs\topology_preview_png\Johannesburg_sample_07312_topology_preview.png,C:\TFG\CKMGenerator\inputs\masks_png\Johannesburg_sample_07312_los_mask.png,C:\TFG\CKMGenerator\inputs\masks_png\Johannesburg_sample_07312_nlos_mask.png,"topology_map,uav_height,los_mask,nlos_mask,path_loss,delay_spread,angular_spread"
98,Key_West_sample_07557,Key West,sample_07557,239.18438720703125,C:\TFG\CKMGenerator\inputs\samples\Key_West_sample_07557.h5,,C:\TFG\CKMGenerator\inputs\matrices\Key_West_sample_07557.npz,C:\TFG\CKMGenerator\inputs\topology_png\Key_West_sample_07557_topology.png,39.41109085083008,C:\TFG\CKMGenerator\inputs\topology_preview_png\Key_West_sample_07557_topology_preview.png,C:\TFG\CKMGenerator\inputs\masks_png\Key_West_sample_07557_los_mask.png,C:\TFG\CKMGenerator\inputs\masks_png\Key_West_sample_07557_nlos_mask.png,"topology_map,uav_height,los_mask,nlos_mask,path_loss,delay_spread,angular_spread"
99,Kinshasa_sample_07662,Kinshasa,sample_07662,123.28772735595703,C:\TFG\CKMGenerator\inputs\samples\Kinshasa_sample_07662.h5,,C:\TFG\CKMGenerator\inputs\matrices\Kinshasa_sample_07662.npz,C:\TFG\CKMGenerator\inputs\topology_png\Kinshasa_sample_07662_topology.png,10.170196533203125,C:\TFG\CKMGenerator\inputs\topology_preview_png\Kinshasa_sample_07662_topology_preview.png,C:\TFG\CKMGenerator\inputs\masks_png\Kinshasa_sample_07662_los_mask.png,C:\TFG\CKMGenerator\inputs\masks_png\Kinshasa_sample_07662_nlos_mask.png,"topology_map,uav_height,los_mask,nlos_mask,path_loss,delay_spread,angular_spread"
100,Kuala_Lumpur_sample_08247,Kuala Lumpur,sample_08247,46.39149475097656,C:\TFG\CKMGenerator\inputs\samples\Kuala_Lumpur_sample_08247.h5,,C:\TFG\CKMGenerator\inputs\matrices\Kuala_Lumpur_sample_08247.npz,C:\TFG\CKMGenerator\inputs\topology_png\Kuala_Lumpur_sample_08247_topology.png,54.26731491088867,C:\TFG\CKMGenerator\inputs\topology_preview_png\Kuala_Lumpur_sample_08247_topology_preview.png,C:\TFG\CKMGenerator\inputs\masks_png\Kuala_Lumpur_sample_08247_los_mask.png,C:\TFG\CKMGenerator\inputs\masks_png\Kuala_Lumpur_sample_08247_nlos_mask.png,"topology_map,uav_height,los_mask,nlos_mask,path_loss,delay_spread,angular_spread"
